<?xml version="1.0" encoding="UTF-8"?>
<elementDefinition xmlns="http://www.xframium.org/pageRegistry" xmlns:xsi="http://www.w3.org/2001/XMLSchema-instance" xsi:schemaLocation="http://www.xframium.org/pageRegistry http://www.xframium.org/xsd/pageManagement/pageRegistry.xsd">

	<site name="Google">
		<page name="Search">
			<element name="SEARCH" descriptor="XPATH" value="//input[@id='lst-ib']" />
			<element name="SEARCH_BUTTON" descriptor="XPATH" value="//button[@id='tsbb']/div|//div[@id='sblsbb']/button" />
			<element name="RESULTS" descriptor="XPATH" value="//*[@id='rso']/div/div" />
			<element name="RESULT_HEADER" descriptor="XPATH" value=".//h3/a[contains( text(),'CrunchBase' )]" />
			<element name="CRUNCH" descriptor="V_TEXT" value="Crunch Base" />
			<element name="TOKEN_RESULT" descriptor="XPATH" value="//a[text()='{perfectoData}']" />
			<element name="CRUNCH" descriptor="V_TEXT" value="Google" />
		</page>
		
		<!--<page name="index">
			<element name="LOGO" value="" descriptor="XPATH"/>
		</page>-->
	</site>
</elementDefinition>